polarity,filtered_text,sentiment,id,lang,text,subjectivity,Joe Biden,Raphael Warnock,Donald Trump,2022 Special Election,Biden 2024,2020 Election,Trump 2024,Herschel Walker,Democrats,2022 Midterm,Republicans
-0.3612000048160553,rt the 2020 election was rigged. that is now a fact.,Negative,"Any[""1584349209683439616""]",en,"RT @GrahamAllen_1: The 2020 Election was rigged.

That is now a FACT.",obj,false,false,false,false,false,true,false,false,false,false,false
0.0,"talk to mcconnell, trump, that lake woman in az, mtg and boebert. talk to gosar &amp; biggs. https://t.co/0dbvge3u3r",Neutral,"Any[""1584349209683439616"", ""1600736022488403971""]",en,"@iamgavinjames Talk to mcconnell, trump, that lake woman in AZ, MTG and Boebert.  Talk to Gosar &amp; Biggs.   https://t.co/0DbVge3U3r",obj,false,false,false,true,false,true,false,false,false,false,false
0.0,trump owns you. you couldn't get elected dog catcher now.,Neutral,"Any[""1584349209683439616"", ""1584339387256639488""]",en,@Liz_Cheney Trump owns you. You couldn't get elected Dog Catcher now. #LizTheRINO,obj,false,false,true,false,false,true,false,false,false,false,false
0.0,"‡§Æ‡•á‡§Ç aap ‡§®‡§π‡•Ä‡§Ç, ‡§î‡§∞ ‡§Æ‡•á‡§Ç ‡§Ü ‡§ó‡§Ø‡•Ä",Neutral,"Any[""1584349209683439616""]",hi,"@amitmalviya #‡§ó‡•Å‡§ú‡§∞‡§æ‡§§  ‡§Æ‡•á‡§Ç AAP  ‡§®‡§π‡•Ä‡§Ç, 
#BAAP 
‡§î‡§∞ 
#‡§π‡§ø‡§Æ‡§æ‡§ö‡§≤ ‡§Æ‡•á‡§Ç #PAAP 

‡§Ü ‡§ó‡§Ø‡•Ä",subj,false,false,false,false,false,true,false,false,false,false,false
0.0,‚úã,Neutral,"Any[""1584349209683439616""]",und,@_Peace_Love_US ‚úã,subj,false,false,false,false,false,true,false,false,false,false,false
-0.025800000876188278,"prior to 2020, we were regular rnc donors. when rnc refused to defend election integrity after the 2020 election debacle, we vowed no more donations until a new chairperson was in place. we ignore donation requests save for a few individual candidates we donate to directly.",Negative,"Any[""1584349209683439616""]",en,"@robbystarbuck @misterchambo Prior to 2020, we were regular RNC donors. 

When RNC refused to defend election integrity after the 2020 election debacle, we vowed no more donations until a new chairperson was in place. 

We ignore donation requests save for a few individual candidates we donate to directly.",obj,false,false,false,false,false,true,false,false,false,false,false
-0.580299973487854,"he is not disbarred already? geesh, how much of a criminal does he need to be?",Negative,"Any[""1584349209683439616""]",en,"@_Peace_Love_US he is not disbarred already? geesh, how much of a criminal does he need to be?",obj,false,false,false,false,false,true,false,false,false,false,false
-0.051600001752376556,if that's the case then biden and all the democrats and parties involved should be in for treason ?,Negative,"Any[""1584349209683439616"", ""1600736022488403969""]",en,@JoelKatz If that's the case then biden and All the democrats and parties involved should be in for treason ?,subj,false,false,false,false,false,true,false,false,true,false,false
0.0,absolutely!,Neutral,"Any[""1584349209683439616""]",en,@_Peace_Love_US ABSOLUTELY!,obj,false,false,false,false,false,true,false,false,false,false,false
-0.29600000381469727,rt ginni thomas used the independent state legislature theory in her efforts to pressure state lawmakers to overturn the 2020 ele‚Ä¶,Negative,"Any[""1584349209683439616""]",en,RT @RBReich: Ginni Thomas used the independent state legislature theory in her efforts to pressure state lawmakers to overturn the 2020 ele‚Ä¶,obj,false,false,false,false,false,true,false,false,false,false,false
0.0,rt ginni thomas was involved in efforts to overturn the 2020 election using the independent state legislature theory‚Äîcentral to a‚Ä¶,Neutral,"Any[""1584349209683439616""]",en,RT @RBReich: Ginni Thomas was involved in efforts to overturn the 2020 election using the independent state legislature theory‚Äîcentral to a‚Ä¶,obj,false,false,false,false,false,true,false,false,false,false,false
0.0,that's why he will come back in 2023,Neutral,"Any[""1584349209683439616""]",en,@JoelKatz That's why he will come back in 2023,subj,false,false,false,false,false,true,false,false,false,false,false
-0.45879998803138733,rt i was banned from using twitter for about 12 hours because i dared question the 2020 election. so after taking that valua‚Ä¶,Negative,"Any[""1584349209683439616""]",en,RT @BehizyTweets: I was banned from using Twitter for about 12 hours because I dared question the 2020 election. So after taking that valua‚Ä¶,obj,false,false,false,false,false,true,false,false,false,false,false
0.0,"rt did you know in the 2020 election, there were 378 us counties where voter registration rates exceeded 100 percent of the a‚Ä¶",Neutral,"Any[""1584349209683439616""]",en,"RT @NoLeftTurns: Did you know in the 2020 election, there were 378 US counties where voter registration rates exceeded 100 percent of the a‚Ä¶",obj,false,false,false,false,false,true,false,false,false,false,false
0.0,"rt donald trump believes we should terminate ‚Äúall rules, regulations and articles, even those found in the constitution‚Äù to ov‚Ä¶",Neutral,"Any[""1584349209683439616"", ""1584339387256639488""]",en,"RT @Liz_Cheney: Donald Trump believes we should terminate ‚Äúall rules, regulations and articles, even those found in the Constitution‚Äù to ov‚Ä¶",obj,false,false,true,false,false,true,false,false,false,false,false
-0.5719000101089478,rt tens of millions of independents voted in 2020. if twitter only allows negative info against republicans while it removes n‚Ä¶,Negative,"Any[""1584349209683439616"", ""1600736022488403970""]",en,RT @CollinRugg: Tens of millions of independents voted in 2020. If Twitter only allows negative info against Republicans while it removes n‚Ä¶,obj,false,false,false,false,false,true,false,false,false,false,true
0.0,"rt breaking: calls out democrats for rigging the 2020 election. ""the last election was shaped by democratic off‚Ä¶",Neutral,"Any[""1584349209683439616"", ""1600736022488403969""]",en,"RT @Stat4Real: BREAKING: @TuckerCarlson calls out Democrats for rigging the 2020 election.

""The last election was shaped by Democratic off‚Ä¶",obj,false,false,false,false,false,true,false,false,true,false,false
-0.42149999737739563,why are you refusing to state is it the constitution is clear on this it is up to the states to determine how elections are run the problem is is the judges are coming in a single person and changing entire electoral processes.,Negative,"Any[""1584349209683439616""]",en,@RBReich Why are you refusing to state is it the constitution is clear on this it is up to the states to determine how elections are run the problem is is the judges are coming in a single person and changing entire electoral processes.,obj,false,false,false,false,false,true,false,false,false,false,false
0.4018999934196472,yes,Positive,"Any[""1584349209683439616""]",und,@_Peace_Love_US Yes,obj,false,false,false,false,false,true,false,false,false,false,false
0.44040000438690186,"biden was not president when he asked his son's nudes not be published jim baker did not work for the fbi under biden funny how you don't find these docs ""concerning"" https://t.co/hh15cyvd5t",Positive,"Any[""1584349209683439616"", ""1600736022488403971""]",en,"@ChuckGrassley Biden was not President when he asked his son's nudes not be published

Jim Baker did not work for the FBI under Biden

Funny how you don't find these docs ""concerning""
https://t.co/hH15Cyvd5t",obj,false,false,false,true,false,true,false,false,false,false,false
0.034299999475479126,https://t.co/9seirzf2ia bugs üê∞ isn't wrong; the violently ignorant are indeed the most dangerous.,Positive,"Any[""1584349209683439616""]",en,"https://t.co/9sEIrZf2Ia #thursdaymorning 
Bugs üê∞ isn't wrong; the violently ignorant are indeed the most dangerous. 
#TrumpIsANationalSecurityRisk",obj,false,false,false,false,false,true,false,false,false,false,false
-0.599399983882904,rt we had a coup in 2020. democrats &amp; intelligence community cheated voters stealing presidential election overthrowing g‚Ä¶,Negative,"Any[""1584349209683439616"", ""1584349209683439618"", ""1600736022488403969""]",en,RT @NetworksManager: We had a coup in 2020. Democrats &amp; intelligence community cheated voters stealing presidential election overthrowing g‚Ä¶,obj,true,false,false,false,false,true,false,false,true,false,false
-0.4767000079154968,rep paul gosar is wrong.,Negative,"Any[""1584349209683439616"", ""1584339387256639488""]",en,@sahilkapur @hutch1410 Rep Paul Gosar is wrong.,obj,false,false,true,false,false,true,false,false,false,false,false
0.0,rt ginni thomas was involved in efforts to overturn the 2020 election using the independent state legislature theory‚Äîcentral to a‚Ä¶,Neutral,"Any[""1584349209683439616""]",en,RT @RBReich: Ginni Thomas was involved in efforts to overturn the 2020 election using the independent state legislature theory‚Äîcentral to a‚Ä¶,obj,false,false,false,false,false,true,false,false,false,false,false
0.5105999708175659,"rt even after 15 years of anti-incumbency, delhi continues to trust the bjp, puts arvind kejriwal in place‚Ä¶ aap‚Äôs vote share‚Ä¶",Positive,"Any[""1584349209683439616""]",en,"RT @amitmalviya: Even after 15 years of anti-incumbency, Delhi continues to trust the BJP, puts Arvind Kejriwal in place‚Ä¶

AAP‚Äôs vote share‚Ä¶",obj,false,false,false,false,false,true,false,false,false,false,false
-0.6808000206947327,another lie-- stop lying is not working,Negative,"Any[""1584349209683439616""]",en,@RBReich Another lie-- STOP lying is not working,obj,false,false,false,false,false,true,false,false,false,false,false
0.0,"rt the outcome in georgia is due primarily to trump, who cast a long shadow over this race. his meddling and insistence tha‚Ä¶",Neutral,"Any[""1584349209683439616""]",en,"RT @AmbJohnBolton: The outcome in Georgia is due primarily to Trump, who cast a long shadow over this race. His meddling and insistence tha‚Ä¶",obj,false,false,false,false,false,true,false,false,false,false,false
-0.8299999833106995,so you think revenge porn shouldn't be illegal? because posting pictures of naked hunter without his permission is revenge porn. why do you and your fellow elected gopers have such an obsession with his nakedness???????,Negative,"Any[""1584349209683439616""]",en,"@ChuckGrassley So you think Revenge Porn shouldn't be illegal? Because posting pictures of Naked Hunter without his permission is REVENGE PORN.

Why do you and your fellow elected GOPers have such an obsession with his nakedness???????",subj,false,false,false,false,false,true,false,false,false,false,false
-0.3612000048160553,"dude you're like 90 why are torturing iowa? you should have retired. they only voted for the r, not you.",Negative,"Any[""1584349209683439616""]",en,"@ChuckGrassley Dude you're like 90 why are torturing Iowa? You should have retired. They only voted for the R, not you.",subj,false,false,false,false,false,true,false,false,false,false,false
0.0,rt should rudy giuliani be disbarred over the 2020 election? ‚úã,Neutral,"Any[""1584349209683439616""]",en,RT @_Peace_Love_US: Should Rudy Giuliani be disbarred over the 2020 Election? ‚úã,obj,false,false,false,false,false,true,false,false,false,false,false
0.29600000381469727,"rt ‚Äúmoney can‚Äôt buy happiness.‚Äù true, but it can buy free speech and expose how the 2020 election was rigged by twitter.",Positive,"Any[""1584349209683439616""]",en,"RT @CollinRugg: ‚ÄúMoney can‚Äôt buy happiness.‚Äù

True, but it can buy free speech and expose how the 2020 election was rigged by Twitter.",obj,false,false,false,false,false,true,false,false,false,false,false
-0.29600000381469727,no,Negative,"Any[""1584349209683439616""]",und,@_Peace_Love_US no,subj,false,false,false,false,false,true,false,false,false,false,false
-0.636900007724762,rt isn‚Äôt the fact that the media and democrats are ignoring the twitter files story proof that the 2020 election was rigged?,Negative,"Any[""1584349209683439616"", ""1600736022488403969""]",en,RT @mail_american: Isn‚Äôt the fact that the Media and Democrats are ignoring the Twitter Files story proof that the 2020 election was rigged?,obj,false,false,false,false,false,true,false,false,true,false,false
0.8550000190734863,congrats! keep it going and scream it from the rooftops. everyone believes you and it is definitely not affecting the republican party. you can help overturn 2020 if you keep mentioning it. you can do it!,Positive,"Any[""1584349209683439616""]",en,@BehizyTweets Congrats! Keep it going and scream it from the rooftops. Everyone believes you and it is definitely not affecting the Republican Party. You can help overturn 2020 if you keep mentioning it. You can do it!,obj,false,false,false,false,false,true,false,false,false,false,false
-0.3612000048160553,rt fox news glossed over the rigged 2020 election just like they glossed over the arizona rigged midterm the hammer story‚Ä¶,Negative,"Any[""1584349209683439616""]",en,RT @FredJoh26842729: Fox News glossed over the rigged 2020 election just like they glossed over the Arizona rigged midterm the hammer story‚Ä¶,obj,false,false,false,false,false,true,false,false,false,false,false
-0.4018999934196472,disgusting corrupt democrats. please expose more üôè,Negative,"Any[""1584349209683439616"", ""1600736022488403971"", ""1600736022488403969""]",en,@julie_kelly2 Disgusting corrupt Democrats.  Please expose more üôè,obj,false,false,false,true,false,true,false,false,true,false,false
-0.599399983882904,rt remember when time magazine printed an article that claimed there was a conspiracy to rig the 2020 election against tr‚Ä¶,Negative,"Any[""1584349209683439616""]",en,RT @Sargon_of_Akkad: Remember when Time magazine printed an article that claimed there was a conspiracy to rig the 2020 election against Tr‚Ä¶,obj,false,false,false,false,false,true,false,false,false,false,false
0.5105999708175659,"rt even after 15 years of anti-incumbency, delhi continues to trust the bjp, puts arvind kejriwal in place‚Ä¶ aap‚Äôs vote share‚Ä¶",Positive,"Any[""1584349209683439616""]",en,"RT @amitmalviya: Even after 15 years of anti-incumbency, Delhi continues to trust the BJP, puts Arvind Kejriwal in place‚Ä¶

AAP‚Äôs vote share‚Ä¶",obj,false,false,false,false,false,true,false,false,false,false,false
0.0,rt ginni thomas was involved in efforts to overturn the 2020 election using the independent state legislature theory‚Äîcentral to a‚Ä¶,Neutral,"Any[""1584349209683439616""]",en,RT @RBReich: Ginni Thomas was involved in efforts to overturn the 2020 election using the independent state legislature theory‚Äîcentral to a‚Ä¶,obj,false,false,false,false,false,true,false,false,false,false,false
0.531499981880188,"üôàüôâüôäyes! absolutely !bye, bye rudy not sad to see you go!",Positive,"Any[""1584349209683439616""]",en,"@_Peace_Love_US üôàüôâüôäYES! ABSOLUTELY !Bye, bye Rudy not sad to see you go!",obj,false,false,false,false,false,true,false,false,false,false,false
0.0,rt last friday elon musk released very concerning docs/info relating to twitter‚Äôs interference in the 2020 presidential ele‚Ä¶,Neutral,"Any[""1584349209683439616""]",en,RT @ChuckGrassley: Last Friday Elon Musk released very concerning docs/info relating to Twitter‚Äôs interference in the 2020 presidential ele‚Ä¶,obj,false,false,false,false,false,true,false,false,false,false,false
-0.7128000259399414,"why we in the west are so much in love with war that we dislike the one who can end the war, with russia.",Negative,"Any[""1584349209683439616""]",en,"@RoyCasagranda Why we in the West are so much in love with war that we dislike the one who can end the war, with Russia.",obj,false,false,false,false,false,true,false,false,false,false,false
-0.15309999883174896,rt twitter censored the most explosive story during the 2020 campaign for one reason: to interfere in our election and sto‚Ä¶,Negative,"Any[""1584349209683439616"", ""1600736022488403969""]",en,RT @RonnyJacksonTX: Twitter censored the most EXPLOSIVE story during the 2020 campaign for one reason: to interfere in our election and STO‚Ä¶,obj,false,false,false,false,false,true,false,false,true,false,false
0.0,rt elon‚Äôs team confirmed that twitter did interfere in the 2020 presidential election by suppressing the hunter biden laptop‚Ä¶,Neutral,"Any[""1584349209683439616""]",en,RT @ScottPresler: Elon‚Äôs team confirmed that Twitter did interfere in the 2020 presidential election by suppressing the Hunter Biden laptop‚Ä¶,obj,false,false,false,false,false,true,false,false,false,false,false
0.0,"rt elon musk has all the money one could ever want and instead of going away quietly, he choose to enter the toughest arena‚Ä¶",Neutral,"Any[""1584349209683439616""]",en,"RT @greg_price11: Elon Musk has all the money one could ever want and instead of going away quietly, he choose to enter the toughest arena‚Ä¶",obj,false,false,false,false,false,true,false,false,false,false,false
-0.3612000048160553,"rt wait, so trump was right to say the 2020 election was rigged?",Negative,"Any[""1584349209683439616""]",en,"RT @CollinRugg: Wait, so Trump was right to say the 2020 election was rigged?",obj,false,false,false,false,false,true,false,false,false,false,false
0.20229999721050262,rt just unbelievable. fbi hq and san fran fbi office force social media companies to have on standby staff 24/7 to remove wh‚Ä¶,Positive,"Any[""1584349209683439616""]",en,RT @julie_kelly2: Just unbelievable. FBI HQ and San Fran FBI office force social media companies to have on standby staff 24/7 to remove wh‚Ä¶,obj,false,false,false,false,false,true,false,false,false,false,false
0.0,"rt did you know in the 2020 election, there were 378 us counties where voter registration rates exceeded 100 percent of the a‚Ä¶",Neutral,"Any[""1584349209683439616""]",en,"RT @NoLeftTurns: Did you know in the 2020 election, there were 378 US counties where voter registration rates exceeded 100 percent of the a‚Ä¶",obj,false,false,false,false,false,true,false,false,false,false,false
-0.6908000111579895,rt the 2020 election was rigged and stolen from president trump and the american people,Negative,"Any[""1584349209683439616""]",en,RT @w_terrence: The 2020 election was rigged and stolen from President Trump and the American people,obj,false,false,false,false,false,true,false,false,false,false,false
-0.6808000206947327,rt twitter suspended everyone who claimed the 2020 election was rigged bc they were the ones rigging it.,Negative,"Any[""1584349209683439616""]",en,RT @SallyMayweather: Twitter suspended everyone who claimed the 2020 election was rigged bc they were the ones rigging it.,obj,false,false,false,false,false,true,false,false,false,false,false
0.0,have you heard what the brother of the marine said?,Neutral,"Any[""1584349209683439616"", ""1600736022488403971""]",en,@mikedinan11 @ACTBrigitte Have you heard what the brother of the Marine said?,subj,false,false,false,true,false,true,false,false,false,false,false
-0.6596999764442444,rt the fbi is accused of interfering in the 2020 election and conspiring to violate the first amendment. yet fbi director c‚Ä¶,Negative,"Any[""1584349209683439616"", ""1584349209683439618""]",en,RT @mirandadevine: The FBI is accused of interfering in the 2020 election and conspiring to violate the First Amendment. Yet FBI Director C‚Ä¶,obj,true,false,false,false,false,true,false,false,false,false,false
-0.20229999721050262,rt trump and his allies tried to exploit vague language in the electoral count act of 1887 to overturn the results of the 2020 el‚Ä¶,Negative,"Any[""1584349209683439616""]",en,RT @RBReich: Trump and his allies tried to exploit vague language in the Electoral Count Act of 1887 to overturn the results of the 2020 el‚Ä¶,obj,false,false,false,false,false,true,false,false,false,false,false
0.0,rt ginni thomas was involved in efforts to overturn the 2020 election using the independent state legislature theory‚Äîcentral to a‚Ä¶,Neutral,"Any[""1584349209683439616""]",en,RT @RBReich: Ginni Thomas was involved in efforts to overturn the 2020 election using the independent state legislature theory‚Äîcentral to a‚Ä¶,obj,false,false,false,false,false,true,false,false,false,false,false
-0.10270000249147415,rt more evidence dropping from twitter to prove the democrat fucks stole the 2020 election with the help of the governmen‚Ä¶,Negative,"Any[""1584349209683439616""]",en,RT @GuntherEagleman: More evidence dropping from Twitter to prove the democrat fucks stole the 2020 election with the help of the governmen‚Ä¶,obj,false,false,false,false,false,true,false,false,false,false,false
0.5562000274658203,fed and social media collusion in influencing and suppressing free speech in the 2020 election!,Positive,"Any[""1584349209683439616""]",en,@reallygraceful Fed and social media collusion in influencing and suppressing free speech in the 2020 election!,obj,false,false,false,false,false,true,false,false,false,false,false
-0.6808000206947327,rt twitter suspended everyone who claimed the 2020 election was rigged bc they were the ones rigging it.,Negative,"Any[""1584349209683439616""]",en,RT @SallyMayweather: Twitter suspended everyone who claimed the 2020 election was rigged bc they were the ones rigging it.,obj,false,false,false,false,false,true,false,false,false,false,false
0.29600000381469727,"rt ‚Äúmoney can‚Äôt buy happiness.‚Äù true, but it can buy free speech and expose how the 2020 election was rigged by twitter.",Positive,"Any[""1584349209683439616""]",en,"RT @CollinRugg: ‚ÄúMoney can‚Äôt buy happiness.‚Äù

True, but it can buy free speech and expose how the 2020 election was rigged by Twitter.",obj,false,false,false,false,false,true,false,false,false,false,false
-0.23819999396800995,"at one point, yes, but closer to the election, no.",Negative,"Any[""1584349209683439616""]",en,"@RadicalSocdem_ At one point, yes, but closer to the election, no.",obj,false,false,false,false,false,true,false,false,false,false,false
-0.3612000048160553,rt have you noticed all of the sleazy players from the 'obama regime' that were involved in the 2020 rigged election‚ÅâÔ∏è htt‚Ä¶,Negative,"Any[""1584349209683439616"", ""1600736022488403971""]",en,"RT @EarlShayOFAGa: Have you NOTICED all of the sleazy players from the 'Obama regime' that were INVOLVED IN THE 2020 RIGGED ELECTION‚ÅâÔ∏è

htt‚Ä¶",subj,false,false,false,true,false,true,false,false,false,false,false
-0.15309999883174896,the side still crying about the 2020 election would like to have a word about ‚Äúliving in the past‚Äù,Negative,"Any[""1584349209683439616""]",en,@iamgavinjames @PalmerReport The side still crying about the 2020 election would like to have a word about ‚Äúliving in the past‚Äù,obj,false,false,false,false,false,true,false,false,false,false,false
0.0,rt buried the hunter biden laptop story. 7. that the claim the hb laptop was russian disinformation was a lie. 8. the 2020‚Ä¶,Neutral,"Any[""1584349209683439616"", ""1584349209683439618""]",en,"RT @JoseAMarcial1: buried the Hunter Biden laptop story.
7. That the claim the HB laptop was Russian disinformation was a lie.
8. The 2020‚Ä¶",obj,true,false,false,false,false,true,false,false,false,false,false
-0.3612000048160553,rt president trump was right again. the 2020 election was rigged,Negative,"Any[""1584349209683439616""]",en,RT @lsferguson: President Trump was right again.  The 2020 election was rigged,obj,false,false,false,false,false,true,false,false,false,false,false
0.22630000114440918,covering windows counting ballots n middle of night changing laws 2 accept ballots late mail in ballots due 2 covid even 4 ppl not requesting them‚Ä¶ there‚Äôs way 2 much evidence whether u dolts would like 2acknowledge it or not‚Ä¶ 2020 and 2022 were fraudulent likely other years 2,Positive,"Any[""1584349209683439616"", ""1600736022488403971""]",en,@Guissep58163752 @HiStPaulGuy @StarTribune Covering windows counting ballots n middle of night changing laws 2 accept ballots late mail in ballots due 2 covid even 4 ppl not requesting them‚Ä¶ There‚Äôs way 2 much evidence whether u dolts would like 2acknowledge it or not‚Ä¶ 2020 and 2022 were fraudulent likely other years 2,obj,false,false,false,true,false,true,false,false,false,false,false
-0.27320000529289246,"rt judicial watch - judicial watch: over 4,700 of georgia‚Äôs absentee votes in november 2020 election tied to non-resident‚Ä¶",Negative,"Any[""1584349209683439616""]",en,"RT @Deplorable_1976: Judicial Watch - Judicial Watch: Over 4,700 of Georgia‚Äôs Absentee Votes in November 2020 Election Tied to Non-Resident‚Ä¶",obj,false,false,false,false,false,true,false,false,false,false,false
0.0,rt why can clarence thomas sit on cases about the 2020 election when his wife tried to overturn it? because scotus doesn't have‚Ä¶,Neutral,"Any[""1584349209683439616""]",en,"RT @CREWcrew: Why can Clarence Thomas sit on cases about the 2020 election when his wife tried to overturn it?

Because SCOTUS doesn't have‚Ä¶",subj,false,false,false,false,false,true,false,false,false,false,false
-0.27320000529289246,"rt judicial watch - judicial watch: over 4,700 of georgia‚Äôs absentee votes in november 2020 election tied to non-resident‚Ä¶",Negative,"Any[""1584349209683439616""]",en,"RT @Deplorable_1976: Judicial Watch - Judicial Watch: Over 4,700 of Georgia‚Äôs Absentee Votes in November 2020 Election Tied to Non-Resident‚Ä¶",obj,false,false,false,false,false,true,false,false,false,false,false
0.20229999721050262,"rt folks- one has to admit one thing, the left's use of smearing the right with what they in fact are doing is effective‚Ä¶",Positive,"Any[""1584349209683439616""]",en,"RT @911JusticeToday: Folks- one has to admit one thing, the left's use of smearing the right with what they in fact are doing is effective‚Ä¶",obj,false,false,false,false,false,true,false,false,false,false,false
0.0,"rt elon musk has all the money one could ever want and instead of going away quietly, he choose to enter the toughest arena‚Ä¶",Neutral,"Any[""1584349209683439616""]",en,"RT @greg_price11: Elon Musk has all the money one could ever want and instead of going away quietly, he choose to enter the toughest arena‚Ä¶",obj,false,false,false,false,false,true,false,false,false,false,false
-0.6908000111579895,rt the 2020 election was rigged and stolen from president trump and the american people,Negative,"Any[""1584349209683439616""]",en,RT @w_terrence: The 2020 election was rigged and stolen from President Trump and the American people,obj,false,false,false,false,false,true,false,false,false,false,false
0.0,"rt elon musk has all the money one could ever want and instead of going away quietly, he choose to enter the toughest arena‚Ä¶",Neutral,"Any[""1584349209683439616""]",en,"RT @greg_price11: Elon Musk has all the money one could ever want and instead of going away quietly, he choose to enter the toughest arena‚Ä¶",obj,false,false,false,false,false,true,false,false,false,false,false
-0.3612000048160553,rt the 2020 election was rigged. that is now a fact.,Negative,"Any[""1584349209683439616""]",en,"RT @GrahamAllen_1: The 2020 Election was rigged.

That is now a FACT.",obj,false,false,false,false,false,true,false,false,false,false,false
-0.5267000198364258,disgusting fbi and democrats ü•∏ https://t.co/2c9lqoi9wy,Negative,"Any[""1584349209683439616"", ""1600736022488403971"", ""1600736022488403969""]",en,Disgusting FBI and Democrats ü•∏ https://t.co/2c9LQOi9wY,obj,false,false,false,true,false,true,false,false,true,false,false
0.10270000249147415,rt good morning to everyone except vijaya gadde who rigged the 2020 election,Positive,"Any[""1584349209683439616""]",en,RT @bennyjohnson: Good morning to everyone except Vijaya Gadde who rigged the 2020 election,subj,false,false,false,false,false,true,false,false,false,false,false
-0.6485999822616577,"rt sadly the illegitimate elected on november 3rd ,2020 rigged election is just a puppet figurehead president in name‚Ä¶",Negative,"Any[""1584349209683439616""]",en,"RT @albertobmas: Sadly the illegitimate elected @POTUS on November 3rd ,2020 rigged election is just a puppet figurehead president in name‚Ä¶",obj,false,false,false,false,false,true,false,false,false,false,false
0.0,rt ginni thomas was involved in efforts to overturn the 2020 election using the independent state legislature theory‚Äîcentral to a‚Ä¶,Neutral,"Any[""1584349209683439616""]",en,RT @RBReich: Ginni Thomas was involved in efforts to overturn the 2020 election using the independent state legislature theory‚Äîcentral to a‚Ä¶,obj,false,false,false,false,false,true,false,false,false,false,false
0.12630000710487366,99.99% of all republicans in office today fully agree with trump. they are excited that trump has announced the destruction of the consititution which is what they have been working towards for decades.,Positive,"Any[""1584349209683439616"", ""1584339387256639488"", ""1600736022488403970""]",en,"@Liz_Cheney 99.99% of all Republicans in office today fully agree with tRump.
They are excited that tRump has announced the destruction of the Consititution which is what they have been working towards for decades.",obj,false,false,true,false,false,true,false,false,false,false,true
0.17790000140666962,rt wow. what did she have on her podium by accident and start reading? sounded like the 2020 election was rigged and proven. h‚Ä¶,Positive,"Any[""1584349209683439616""]",en,RT @its_the_Dr: Wow. What did she have on her Podium by accident and start reading? Sounded like the 2020 election was rigged and proven. h‚Ä¶,obj,false,false,false,false,false,true,false,false,false,false,false
-0.5105999708175659,he should be in prison for attempting to overthrow the us government ü§∑‚Äç‚ôÇÔ∏è,Negative,"Any[""1584349209683439616""]",en,@_Peace_Love_US He should be in prison for attempting to overthrow the US government ü§∑‚Äç‚ôÇÔ∏è,obj,false,false,false,false,false,true,false,false,false,false,false
0.0,rt ginni thomas was involved in efforts to overturn the 2020 election using the independent state legislature theory‚Äîcentral to a‚Ä¶,Neutral,"Any[""1584349209683439616""]",en,RT @RBReich: Ginni Thomas was involved in efforts to overturn the 2020 election using the independent state legislature theory‚Äîcentral to a‚Ä¶,obj,false,false,false,false,false,true,false,false,false,false,false
0.32910001277923584,"you were elected to serve the people. u ran on immigration,crime,inflation. since u won, u only talk about hunter &amp; biden. hunter is not a politician. biden has helped americans. you will do nothing but investigate,appear on fox &amp; line your pockets, and beckon to maga. https://t.co/wj7jrid3pd",Positive,"Any[""1584349209683439616""]",en,"You were elected to serve the people. U ran on immigration,crime,inflation. Since u won, u only talk about Hunter &amp; Biden. 
Hunter is not a politician.
Biden has helped Americans.
You will do nothing but investigate,appear on Fox &amp; line your pockets, and beckon to MAGA. https://t.co/Wj7jRId3pd",obj,false,false,false,false,false,true,false,false,false,false,false
0.22349999845027924,"rt we had a coup in 2020 and everybody knows it, yet they did nothing to stop it or correct it so it will ne‚Ä¶",Positive,"Any[""1584349209683439616""]",en,"RT @amazed_am_i: @NetworksManager We had a coup in 2020 and everybody knows it, yet they did nothing to stop it or correct it so it will ne‚Ä¶",obj,false,false,false,false,false,true,false,false,false,false,false
0.0,üíØüíØüíØ.,Neutral,"Any[""1584349209683439616""]",und,@_Peace_Love_US üíØüíØüíØ.,subj,false,false,false,false,false,true,false,false,false,false,false
0.0,"rt did you know in the 2020 election, there were 378 us counties where voter registration rates exceeded 100 percent of the a‚Ä¶",Neutral,"Any[""1584349209683439616""]",en,"RT @NoLeftTurns: Did you know in the 2020 election, there were 378 US counties where voter registration rates exceeded 100 percent of the a‚Ä¶",obj,false,false,false,false,false,true,false,false,false,false,false
0.051600001752376556,rt raise your hand if you think should make public all internal discussions about the decision to censor the stor‚Ä¶,Positive,"Any[""1584349209683439616""]",en,RT @alx: Raise your hand if you think @ElonMusk should make public all internal discussions about the decision to censor the @NYPost‚Äôs stor‚Ä¶,obj,false,false,false,false,false,true,false,false,false,false,false
0.6069999933242798,"if republicans had any ""balls"" they would go after dominion. and brian kemp is in bed with dominion. his support for hershel was a smoke screen. notice kemp didn't have any trouble with his election.",Positive,"Any[""1584349209683439616"", ""1600736022488403972"", ""1600736022488403970""]",en,"@wheresourLOGIC If Republicans had any ""balls"" they would go after Dominion.  And Brian Kemp is in bed with Dominion. His support for Hershel was a smoke screen. Notice Kemp didn't have any trouble with his election.",obj,false,true,false,false,false,true,false,false,false,false,true
0.0,1000%,Neutral,"Any[""1584349209683439616""]",und,@bennyjohnson 1000%,subj,false,false,false,false,false,true,false,false,false,false,false
-0.27320000529289246,"rt judicial watch - judicial watch: over 4,700 of georgia‚Äôs absentee votes in november 2020 election tied to non-resident‚Ä¶",Negative,"Any[""1584349209683439616""]",en,"RT @Deplorable_1976: Judicial Watch - Judicial Watch: Over 4,700 of Georgia‚Äôs Absentee Votes in November 2020 Election Tied to Non-Resident‚Ä¶",obj,false,false,false,false,false,true,false,false,false,false,false
0.0,rt last friday elon musk released very concerning docs/info relating to twitter‚Äôs interference in the 2020 presidential ele‚Ä¶,Neutral,"Any[""1584349209683439616""]",en,RT @ChuckGrassley: Last Friday Elon Musk released very concerning docs/info relating to Twitter‚Äôs interference in the 2020 presidential ele‚Ä¶,obj,false,false,false,false,false,true,false,false,false,false,false
-0.15309999883174896,clarence thomas has no ethics. should have recused himself. i have no faith in scotus.,Negative,"Any[""1584349209683439616""]",en,@RBReich Clarence Thomas has no ethics. Should have recused himself. I have no faith in SCOTUS.,obj,false,false,false,false,false,true,false,false,false,false,false
0.33820000290870667,"yes, the dems rigged the election - they ran qualified candidates with integrity and self respect that sane people wanted to vote for, instead of loony, corrupt assholes. how diabolical!",Positive,"Any[""1584349209683439616""]",en,"@CollinRugg Yes, the Dems rigged the election - they ran qualified candidates with integrity and self respect that sane people wanted to vote for, instead of loony, corrupt assholes. How diabolical!",obj,false,false,false,false,false,true,false,false,false,false,false
0.5422999858856201,"senator grassley, the bushel basket is suffocating your candle. peace.",Positive,"Any[""1584349209683439616""]",en,"@ChuckGrassley Senator Grassley, the bushel basket is suffocating your candle. Peace.",obj,false,false,false,false,false,true,false,false,false,false,false
-0.11800000071525574,please commit this man he is crazy as hell he thinks that that's going to happen put him away so he don't hurt himself or anybody else.,Negative,"Any[""1584349209683439616"", ""1584339387256639488""]",en,@sahilkapur Please commit this man he is crazy as hell he thinks that that's going to happen put him away so he don't hurt himself or anybody else.,subj,false,false,true,false,false,true,false,false,false,false,false
-0.6808000206947327,"lol rigged is trending because we now have another piece of evidence the 2020 election was rigged af. just another case of the only different between ""conspiracy theory"" and ""proven fact"" being a few months of time.",Negative,"Any[""1584349209683439616""]",en,"LOL Rigged is trending because we now have another piece of evidence the 2020 election was rigged af.

Just another case of the only different between ""conspiracy theory"" and ""proven fact"" being a few months of time.",obj,false,false,false,false,false,true,false,false,false,false,false
0.0,rt ginni thomas was involved in efforts to overturn the 2020 election using the independent state legislature theory‚Äîcentral to a‚Ä¶,Neutral,"Any[""1584349209683439616""]",en,RT @RBReich: Ginni Thomas was involved in efforts to overturn the 2020 election using the independent state legislature theory‚Äîcentral to a‚Ä¶,obj,false,false,false,false,false,true,false,false,false,false,false
0.3400000035762787,"rt rep. paul gosar, r-arizona, endorses donald trump‚Äôs call for ‚Äútermination‚Äù of constitutional provisions to rescind the 2020‚Ä¶",Positive,"Any[""1584349209683439616"", ""1584339387256639488""]",en,"RT @sahilkapur: Rep. Paul Gosar, R-Arizona, endorses Donald Trump‚Äôs call for ‚Äútermination‚Äù of constitutional provisions to rescind the 2020‚Ä¶",obj,false,false,true,false,false,true,false,false,false,false,false
-0.7002999782562256,"must see‚Ä¶.‚Äù2000 mules,‚Äù a documentary film created by dinesh d‚Äôsouza, exposes widespread, coordinated voter fraud in the 2020 election, sufficient to change the overall outcome the 2020 election was rigged. anyone with a brain knew that. corrupt joe biden should be impeached https://t.co/bl5xoxjscf",Negative,"Any[""1584349209683439616"", ""1584349209683439618""]",en,"MUST SEE‚Ä¶.‚Äù2000 Mules,‚Äù a documentary film created by Dinesh D‚ÄôSouza, exposes widespread, coordinated voter fraud in the 2020 election, sufficient to change the overall outcome

The 2020 election was rigged. Anyone with a brain knew that.

Corrupt Joe Biden should be impeached https://t.co/bl5xOXJScf",obj,true,false,false,false,false,true,false,false,false,false,false
0.20229999721050262,rt just unbelievable. fbi hq and san fran fbi office force social media companies to have on standby staff 24/7 to remove wh‚Ä¶,Positive,"Any[""1584349209683439616""]",en,RT @julie_kelly2: Just unbelievable. FBI HQ and San Fran FBI office force social media companies to have on standby staff 24/7 to remove wh‚Ä¶,obj,false,false,false,false,false,true,false,false,false,false,false
-0.8019999861717224,rt so can we now conclude beyond a reasonable doubt that the 2020 election was rigged and stolen?,Negative,"Any[""1584349209683439616""]",en,RT @DineshDSouza: So can we now conclude beyond a reasonable doubt that the 2020 election was rigged and stolen?,obj,false,false,false,false,false,true,false,false,false,false,false
-0.6596999764442444,rt the fbi is accused of interfering in the 2020 election and conspiring to violate the first amendment. yet fbi director c‚Ä¶,Negative,"Any[""1584349209683439616"", ""1584349209683439618""]",en,RT @mirandadevine: The FBI is accused of interfering in the 2020 election and conspiring to violate the First Amendment. Yet FBI Director C‚Ä¶,obj,true,false,false,false,false,true,false,false,false,false,false
-0.7390999794006348,"watch this video. this case before the scotus to consider hearing on jan 6th ironically, could over turn the 2020 stolen election. long shot but it has merit based on the plaintiffs being contacted by the clerk of the scotus. the argument is 388 members of congress violated oath. https://t.co/ilg1fy0qap",Negative,"Any[""1584349209683439616""]",en,"Watch this video. This case before the SCOTUS to consider hearing on Jan 6th ironically, could over turn the 2020 stolen election. Long shot but it has merit based on the plaintiffs being contacted by the clerk of the SCOTUS. The argument is 388 members of Congress violated oath. https://t.co/iLG1FY0qaP",obj,false,false,false,false,false,true,false,false,false,false,false
-0.6596999764442444,no. he should be jailed.,Negative,"Any[""1584349209683439616""]",en,@_Peace_Love_US No. He should be jailed.,obj,false,false,false,false,false,true,false,false,false,false,false
-0.6596999764442444,rt the fbi is accused of interfering in the 2020 election and conspiring to violate the first amendment. yet fbi director c‚Ä¶,Negative,"Any[""1584349209683439616"", ""1584349209683439618""]",en,RT @mirandadevine: The FBI is accused of interfering in the 2020 election and conspiring to violate the First Amendment. Yet FBI Director C‚Ä¶,obj,true,false,false,false,false,true,false,false,false,false,false
0.3612000048160553,"hey chuck. they are a private company, they can relaxes what they choose.",Positive,"Any[""1584349209683439616""]",en,"@ChuckGrassley Hey Chuck. They are a private company, they can relaxes what they choose.",obj,false,false,false,false,false,true,false,false,false,false,false
0.0,absolutely,Neutral,"Any[""1584349209683439616""]",en,@_Peace_Love_US Absolutely,obj,false,false,false,false,false,true,false,false,false,false,false
-0.4018999934196472,"who knows if those numbers on that link is accurate. i had said that ballots were mailed to every single registered voter, whether dead or alive, whether they lived in that state or not. did you read the links i provided, where it says not everyone got their ballots?",Negative,"Any[""1584349209683439616""]",en,"@StuartRenshaw6 @BachemMacuno @HeatherJamies17 @PoodleHead57 @RetireeGoneWild @MistyMiller68 @kareincountry @DPBeachNY @UncleBully87 @Vidian6 @DemocraticDaisy @joncoopertweets Who knows if those numbers on that link is accurate.  I had said that ballots were mailed to every single registered voter, whether dead or alive, whether they lived in that state or not. Did you read the links I provided, where it says not everyone got their ballots?",obj,false,false,false,false,false,true,false,false,false,false,false
0.0,https://t.co/ri82ua4iwz,Neutral,"Any[""1584349209683439616""]",qme,@ChuckGrassley https://t.co/Ri82UA4iWZ,subj,false,false,false,false,false,true,false,false,false,false,false
0.29600000381469727,doj is a joke only investigating they do is at the demoncraps bidding. try investigating corrupt demoncraps for a change.,Positive,"Any[""1584349209683439616""]",en,@abc15 DOJ is a joke only investigating they do is at the demoncraps bidding. Try investigating corrupt demoncraps for a change.,obj,false,false,false,false,false,true,false,false,false,false,false
0.0,rt ginni thomas was involved in efforts to overturn the 2020 election using the independent state legislature theory‚Äîcentral to a‚Ä¶,Neutral,"Any[""1584349209683439616""]",en,RT @RBReich: Ginni Thomas was involved in efforts to overturn the 2020 election using the independent state legislature theory‚Äîcentral to a‚Ä¶,obj,false,false,false,false,false,true,false,false,false,false,false
0.33820000290870667,"yes, the dems rigged the election - they ran qualified candidates with integrity and self respect that sane people wanted to vote for, instead of loony, corrupt assholes. how diabolical! https://t.co/x9b5en9dxl",Positive,"Any[""1584349209683439616""]",en,"Yes, the Dems rigged the election - they ran qualified candidates with integrity and self respect that sane people wanted to vote for, instead of loony, corrupt assholes. How diabolical! https://t.co/x9b5en9dxl",obj,false,false,false,false,false,true,false,false,false,false,false
0.0,"rt watch this video. this case before the scotus to consider hearing on jan 6th ironically, could over turn the 2020 stolen‚Ä¶",Neutral,"Any[""1584349209683439616""]",en,"RT @WisdomPatriot: Watch this video. This case before the SCOTUS to consider hearing on Jan 6th ironically, could over turn the 2020 stolen‚Ä¶",obj,false,false,false,false,false,true,false,false,false,false,false
-0.6908000111579895,rt the 2020 election was rigged and stolen,Negative,"Any[""1584349209683439616""]",en,RT @hodgetwins: The 2020 election was rigged and stolen,obj,false,false,false,false,false,true,false,false,false,false,false
-0.29600000381469727,rt ginni thomas used the independent state legislature theory in her efforts to pressure state lawmakers to overturn the 2020 ele‚Ä¶,Negative,"Any[""1584349209683439616""]",en,RT @RBReich: Ginni Thomas used the independent state legislature theory in her efforts to pressure state lawmakers to overturn the 2020 ele‚Ä¶,obj,false,false,false,false,false,true,false,false,false,false,false
0.0,rt ginni thomas was involved in efforts to overturn the 2020 election using the independent state legislature theory‚Äîcentral to a‚Ä¶,Neutral,"Any[""1584349209683439616""]",en,RT @RBReich: Ginni Thomas was involved in efforts to overturn the 2020 election using the independent state legislature theory‚Äîcentral to a‚Ä¶,obj,false,false,false,false,false,true,false,false,false,false,false
-0.20229999721050262,rt trump and his allies tried to exploit vague language in the electoral count act of 1887 to overturn the results of the 2020 el‚Ä¶,Negative,"Any[""1584349209683439616""]",en,RT @RBReich: Trump and his allies tried to exploit vague language in the Electoral Count Act of 1887 to overturn the results of the 2020 el‚Ä¶,obj,false,false,false,false,false,true,false,false,false,false,false
-0.27320000529289246,"rt judicial watch - judicial watch: over 4,700 of georgia‚Äôs absentee votes in november 2020 election tied to non-resident‚Ä¶",Negative,"Any[""1584349209683439616""]",en,"RT @Deplorable_1976: Judicial Watch - Judicial Watch: Over 4,700 of Georgia‚Äôs Absentee Votes in November 2020 Election Tied to Non-Resident‚Ä¶",obj,false,false,false,false,false,true,false,false,false,false,false
0.0,and all will be going forward. 1776 2.0 https://t.co/l0xdzsfg3k,Neutral,"Any[""1584349209683439616""]",en,"And all will be going forward.

1776  2.0 https://t.co/L0XdzSfg3K",subj,false,false,false,false,false,true,false,false,false,false,false
-0.29600000381469727,its been more than 2 years since the debacle of 2020 - if the gop can‚Äôt stop election theft then maybe they don‚Äôt deserve to be in power.,Negative,"Any[""1584349209683439616""]",en,@MikeWitko51 Its been more than 2 years since the debacle of 2020 - if the GOP can‚Äôt stop election theft then maybe they don‚Äôt deserve to be in power.,obj,false,false,false,false,false,true,false,false,false,false,false
-0.25,"a sitting president, with every department of government at his disposal claiming the challenger stole the election is ridiculous",Negative,"Any[""1584349209683439616""]",en,"@_Peace_Love_US A sitting president, with every department of government at his disposal claiming the challenger stole the election is ridiculous",obj,false,false,false,false,false,true,false,false,false,false,false
